USE transitops_db;
INSERT INTO roles (role_id, name, description) VALUES (1, 'Fleet Manager', 'Full system access, reports, user registry management') ON DUPLICATE KEY UPDATE name=name;
INSERT INTO roles (role_id, name, description) VALUES (2, 'Driver', 'Can view dashboard and active trip details') ON DUPLICATE KEY UPDATE name=name;
INSERT INTO roles (role_id, name, description) VALUES (3, 'Safety Officer', 'Manage driver registry and view reports/analytics') ON DUPLICATE KEY UPDATE name=name;
INSERT INTO roles (role_id, name, description) VALUES (4, 'Financial Analyst', 'Manage fuel logs, expenses, and financial reporting') ON DUPLICATE KEY UPDATE name=name;
INSERT INTO users (username, email, password_hash, role_id, status) VALUES ('manager', 'manager@transitops.com', '$2a$10$uWeknwpNYqQqmIkNzoiBwOOY/FP2bzUtGYcedKZH970JmIlhUhka2', 1, 'Active');
INSERT INTO users (username, email, password_hash, role_id, status) VALUES ('driver', 'driver@transitops.com', '$2a$10$uWeknwpNYqQqmIkNzoiBwOOY/FP2bzUtGYcedKZH970JmIlhUhka2', 2, 'Active');
INSERT INTO users (username, email, password_hash, role_id, status) VALUES ('safety', 'safety@transitops.com', '$2a$10$uWeknwpNYqQqmIkNzoiBwOOY/FP2bzUtGYcedKZH970JmIlhUhka2', 3, 'Active');
INSERT INTO users (username, email, password_hash, role_id, status) VALUES ('finance', 'finance@transitops.com', '$2a$10$uWeknwpNYqQqmIkNzoiBwOOY/FP2bzUtGYcedKZH970JmIlhUhka2', 4, 'Active');
INSERT INTO users (username, email, password_hash, role_id, status) VALUES ('driver2', 'driver2@transitops.com', '$2a$10$uWeknwpNYqQqmIkNzoiBwOOY/FP2bzUtGYcedKZH970JmIlhUhka2', 2, 'Active');
INSERT INTO vehicles (vehicle_id, registration_number, vehicle_name, model, vehicle_type, maximum_load_capacity, current_odometer, purchase_cost, status) VALUES (1, 'TX-1000-OPS', 'Freightliner Cascadia', 'Model 2018', 'Semi Truck', 22000, 45000, 25000, 'Available');
INSERT INTO vehicles (vehicle_id, registration_number, vehicle_name, model, vehicle_type, maximum_load_capacity, current_odometer, purchase_cost, status) VALUES (2, 'TX-1001-OPS', 'Volvo VNL 860', 'Model 2019', 'Semi Truck', 21000, 57500, 29500, 'Available');
INSERT INTO vehicles (vehicle_id, registration_number, vehicle_name, model, vehicle_type, maximum_load_capacity, current_odometer, purchase_cost, status) VALUES (3, 'TX-1002-OPS', 'Peterbilt 579', 'Model 2020', 'Semi Truck', 23000, 70000, 34000, 'Available');
INSERT INTO vehicles (vehicle_id, registration_number, vehicle_name, model, vehicle_type, maximum_load_capacity, current_odometer, purchase_cost, status) VALUES (4, 'TX-1003-OPS', 'Kenworth T680', 'Model 2021', 'Semi Truck', 22000, 82500, 38500, 'On Trip');
INSERT INTO vehicles (vehicle_id, registration_number, vehicle_name, model, vehicle_type, maximum_load_capacity, current_odometer, purchase_cost, status) VALUES (5, 'TX-1004-OPS', 'Mack Anthem', 'Model 2022', 'Semi Truck', 20000, 95000, 43000, 'Available');
INSERT INTO vehicles (vehicle_id, registration_number, vehicle_name, model, vehicle_type, maximum_load_capacity, current_odometer, purchase_cost, status) VALUES (6, 'TX-1005-OPS', 'Ford Transit 350', 'Model 2023', 'Cargo Van', 3500, 107500, 47500, 'In Shop');
INSERT INTO vehicles (vehicle_id, registration_number, vehicle_name, model, vehicle_type, maximum_load_capacity, current_odometer, purchase_cost, status) VALUES (7, 'TX-1006-OPS', 'Chevrolet Express 3500', 'Model 2018', 'Cargo Van', 3200, 120000, 52000, 'Available');
INSERT INTO vehicles (vehicle_id, registration_number, vehicle_name, model, vehicle_type, maximum_load_capacity, current_odometer, purchase_cost, status) VALUES (8, 'TX-1007-OPS', 'Mercedes Sprinter', 'Model 2019', 'Cargo Van', 4000, 132500, 56500, 'On Trip');
INSERT INTO vehicles (vehicle_id, registration_number, vehicle_name, model, vehicle_type, maximum_load_capacity, current_odometer, purchase_cost, status) VALUES (9, 'TX-1008-OPS', 'RAM ProMaster', 'Model 2020', 'Cargo Van', 3800, 145000, 61000, 'Available');
INSERT INTO vehicles (vehicle_id, registration_number, vehicle_name, model, vehicle_type, maximum_load_capacity, current_odometer, purchase_cost, status) VALUES (10, 'TX-1009-OPS', 'Isuzu NPR', 'Model 2021', 'Box Truck', 8000, 157500, 65500, 'Available');
INSERT INTO vehicles (vehicle_id, registration_number, vehicle_name, model, vehicle_type, maximum_load_capacity, current_odometer, purchase_cost, status) VALUES (11, 'TX-1010-OPS', 'Hino 268', 'Model 2022', 'Box Truck', 9000, 170000, 70000, 'Available');
INSERT INTO vehicles (vehicle_id, registration_number, vehicle_name, model, vehicle_type, maximum_load_capacity, current_odometer, purchase_cost, status) VALUES (12, 'TX-1011-OPS', 'International LT', 'Model 2023', 'Semi Truck', 22500, 182500, 74500, 'On Trip');
INSERT INTO vehicles (vehicle_id, registration_number, vehicle_name, model, vehicle_type, maximum_load_capacity, current_odometer, purchase_cost, status) VALUES (13, 'TX-1012-OPS', 'Tesla Semi', 'Model 2018', 'Semi Truck', 25000, 195000, 79000, 'Available');
INSERT INTO vehicles (vehicle_id, registration_number, vehicle_name, model, vehicle_type, maximum_load_capacity, current_odometer, purchase_cost, status) VALUES (14, 'TX-1013-OPS', 'Ford F-550 Flatbed', 'Model 2019', 'Flatbed', 9500, 207500, 83500, 'Available');
INSERT INTO vehicles (vehicle_id, registration_number, vehicle_name, model, vehicle_type, maximum_load_capacity, current_odometer, purchase_cost, status) VALUES (15, 'TX-1014-OPS', 'GMC Savana', 'Model 2020', 'Cargo Van', 3300, 220000, 88000, 'Available');
INSERT INTO vehicles (vehicle_id, registration_number, vehicle_name, model, vehicle_type, maximum_load_capacity, current_odometer, purchase_cost, status) VALUES (16, 'TX-1015-OPS', 'Scania R500', 'Model 2021', 'Semi Truck', 24000, 232500, 92500, 'In Shop');
INSERT INTO vehicles (vehicle_id, registration_number, vehicle_name, model, vehicle_type, maximum_load_capacity, current_odometer, purchase_cost, status) VALUES (17, 'TX-1016-OPS', 'DAF XF', 'Model 2022', 'Semi Truck', 23000, 245000, 97000, 'Available');
INSERT INTO vehicles (vehicle_id, registration_number, vehicle_name, model, vehicle_type, maximum_load_capacity, current_odometer, purchase_cost, status) VALUES (18, 'TX-1017-OPS', 'Volvo FH16', 'Model 2023', 'Semi Truck', 26000, 257500, 101500, 'Available');
INSERT INTO vehicles (vehicle_id, registration_number, vehicle_name, model, vehicle_type, maximum_load_capacity, current_odometer, purchase_cost, status) VALUES (19, 'TX-1018-OPS', 'Peterbilt 389', 'Model 2018', 'Semi Truck', 22000, 270000, 106000, 'Available');
INSERT INTO vehicles (vehicle_id, registration_number, vehicle_name, model, vehicle_type, maximum_load_capacity, current_odometer, purchase_cost, status) VALUES (20, 'TX-1019-OPS', 'Kenworth W900', 'Model 2019', 'Semi Truck', 21500, 282500, 110500, 'Retired');
INSERT INTO drivers (driver_id, driver_name, license_number, license_category, license_expiry, phone_number, safety_score, status) VALUES (1, 'John Doe', 'DL-OPS8000', 'Class A CDL', '2028-10-15', '+1-555-1000', 80, 'Available');
INSERT INTO drivers (driver_id, driver_name, license_number, license_category, license_expiry, phone_number, safety_score, status) VALUES (2, 'Jane Smith', 'DL-OPS8001', 'Class A CDL', '2028-10-15', '+1-555-1001', 81, 'Available');
INSERT INTO drivers (driver_id, driver_name, license_number, license_category, license_expiry, phone_number, safety_score, status) VALUES (3, 'Michael Johnson', 'DL-OPS8002', 'Class A CDL', '2028-10-15', '+1-555-1002', 82, 'Available');
INSERT INTO drivers (driver_id, driver_name, license_number, license_category, license_expiry, phone_number, safety_score, status) VALUES (4, 'David Miller', 'DL-OPS8003', 'Class A CDL', '2028-10-15', '+1-555-1003', 83, 'On Trip');
INSERT INTO drivers (driver_id, driver_name, license_number, license_category, license_expiry, phone_number, safety_score, status) VALUES (5, 'James Wilson', 'DL-OPS8004', 'Class B CDL', '2028-10-15', '+1-555-1004', 84, 'Available');
INSERT INTO drivers (driver_id, driver_name, license_number, license_category, license_expiry, phone_number, safety_score, status) VALUES (6, 'Robert Taylor', 'DL-OPS8005', 'Class C', '2028-10-15', '+1-555-1005', 85, 'Available');
INSERT INTO drivers (driver_id, driver_name, license_number, license_category, license_expiry, phone_number, safety_score, status) VALUES (7, 'William Thomas', 'DL-OPS8006', 'Class C', '2028-10-15', '+1-555-1006', 86, 'Available');
INSERT INTO drivers (driver_id, driver_name, license_number, license_category, license_expiry, phone_number, safety_score, status) VALUES (8, 'Joseph Anderson', 'DL-OPS8007', 'Class C', '2028-10-15', '+1-555-1007', 87, 'On Trip');
INSERT INTO drivers (driver_id, driver_name, license_number, license_category, license_expiry, phone_number, safety_score, status) VALUES (9, 'Richard Jackson', 'DL-OPS8008', 'Class C', '2028-10-15', '+1-555-1008', 88, 'Available');
INSERT INTO drivers (driver_id, driver_name, license_number, license_category, license_expiry, phone_number, safety_score, status) VALUES (10, 'Charles White', 'DL-OPS8009', 'Class B CDL', '2028-10-15', '+1-555-1009', 89, 'Available');
INSERT INTO drivers (driver_id, driver_name, license_number, license_category, license_expiry, phone_number, safety_score, status) VALUES (11, 'Thomas Harris', 'DL-OPS8010', 'Class B CDL', '2028-10-15', '+1-555-1010', 90, 'Available');
INSERT INTO drivers (driver_id, driver_name, license_number, license_category, license_expiry, phone_number, safety_score, status) VALUES (12, 'Daniel Martin', 'DL-OPS8011', 'Class A CDL', '2028-10-15', '+1-555-1011', 91, 'On Trip');
INSERT INTO drivers (driver_id, driver_name, license_number, license_category, license_expiry, phone_number, safety_score, status) VALUES (13, 'Matthew Thompson', 'DL-OPS8012', 'Class A CDL', '2028-10-15', '+1-555-1012', 92, 'Available');
INSERT INTO drivers (driver_id, driver_name, license_number, license_category, license_expiry, phone_number, safety_score, status) VALUES (14, 'Anthony Garcia', 'DL-OPS8013', 'Class B CDL', '2028-10-15', '+1-555-1013', 93, 'Available');
INSERT INTO drivers (driver_id, driver_name, license_number, license_category, license_expiry, phone_number, safety_score, status) VALUES (15, 'Mark Martinez', 'DL-OPS8014', 'Class C', '2028-10-15', '+1-555-1014', 94, 'Off Duty');
INSERT INTO drivers (driver_id, driver_name, license_number, license_category, license_expiry, phone_number, safety_score, status) VALUES (16, 'Donald Robinson', 'DL-OPS8015', 'Class A CDL', '2028-10-15', '+1-555-1015', 95, 'Available');
INSERT INTO drivers (driver_id, driver_name, license_number, license_category, license_expiry, phone_number, safety_score, status) VALUES (17, 'Steven Clark', 'DL-OPS8016', 'Class A CDL', '2028-10-15', '+1-555-1016', 96, 'Available');
INSERT INTO drivers (driver_id, driver_name, license_number, license_category, license_expiry, phone_number, safety_score, status) VALUES (18, 'Paul Rodriguez', 'DL-OPS8017', 'Class A CDL', '2028-10-15', '+1-555-1017', 97, 'Available');
INSERT INTO drivers (driver_id, driver_name, license_number, license_category, license_expiry, phone_number, safety_score, status) VALUES (19, 'Andrew Lewis', 'DL-OPS8018', 'Class A CDL', '2025-02-10', '+1-555-1018', 98, 'Available');
INSERT INTO drivers (driver_id, driver_name, license_number, license_category, license_expiry, phone_number, safety_score, status) VALUES (20, 'Joshua Lee', 'DL-OPS8019', 'Class A CDL', '2028-10-15', '+1-555-1019', 99, 'Suspended');
INSERT INTO trips (trip_id, source, destination, vehicle_id, driver_id, cargo_weight, planned_distance, actual_distance, fuel_used, status, dispatch_date, completion_date) VALUES (1, 'Houston', 'San Antonio', 1, 1, 1000, 150, 151.91, 30.38, 'Completed', '2026-05-18 10:33:16', '2026-05-18 13:33:16');
INSERT INTO trip_history (trip_id, status, notes) VALUES (1, 'Draft', 'Trip created in draft mode.');
INSERT INTO trip_history (trip_id, status, notes) VALUES (1, 'Dispatched', 'Trip dispatched.');
INSERT INTO trip_history (trip_id, status, notes) VALUES (1, 'Completed', 'Trip completed successfully.');
INSERT INTO trips (trip_id, source, destination, vehicle_id, driver_id, cargo_weight, planned_distance, actual_distance, fuel_used, status, dispatch_date, completion_date) VALUES (2, 'Dallas', 'El Paso', 2, 2, 1200, 158.5, 160.19, 26.70, 'Completed', '2026-05-19 10:33:17', '2026-05-19 13:43:29');
INSERT INTO trip_history (trip_id, status, notes) VALUES (2, 'Draft', 'Trip created in draft mode.');
INSERT INTO trip_history (trip_id, status, notes) VALUES (2, 'Dispatched', 'Trip dispatched.');
INSERT INTO trip_history (trip_id, status, notes) VALUES (2, 'Completed', 'Trip completed successfully.');
INSERT INTO trips (trip_id, source, destination, vehicle_id, driver_id, cargo_weight, planned_distance, actual_distance, fuel_used, status, dispatch_date, completion_date) VALUES (3, 'Austin', 'Fort Worth', 3, 3, 1400, 167, 162.07, 23.15, 'Completed', '2026-05-20 10:33:17', '2026-05-20 13:53:41');
INSERT INTO trip_history (trip_id, status, notes) VALUES (3, 'Draft', 'Trip created in draft mode.');
INSERT INTO trip_history (trip_id, status, notes) VALUES (3, 'Dispatched', 'Trip dispatched.');
INSERT INTO trip_history (trip_id, status, notes) VALUES (3, 'Completed', 'Trip completed successfully.');
INSERT INTO trips (trip_id, source, destination, vehicle_id, driver_id, cargo_weight, planned_distance, actual_distance, fuel_used, status, dispatch_date, completion_date) VALUES (4, 'San Antonio', 'Arlington', 4, 4, 1600, 175.5, 179.24, 35.85, 'Completed', '2026-05-21 10:33:17', '2026-05-21 14:03:53');
INSERT INTO trip_history (trip_id, status, notes) VALUES (4, 'Draft', 'Trip created in draft mode.');
INSERT INTO trip_history (trip_id, status, notes) VALUES (4, 'Dispatched', 'Trip dispatched.');
INSERT INTO trip_history (trip_id, status, notes) VALUES (4, 'Completed', 'Trip completed successfully.');
INSERT INTO trips (trip_id, source, destination, vehicle_id, driver_id, cargo_weight, planned_distance, actual_distance, fuel_used, status, dispatch_date, completion_date) VALUES (5, 'El Paso', 'Corpus Christi', 5, 5, 1800, 184, 180.07, 30.01, 'Completed', '2026-05-22 10:33:17', '2026-05-22 14:14:05');
INSERT INTO trip_history (trip_id, status, notes) VALUES (5, 'Draft', 'Trip created in draft mode.');
INSERT INTO trip_history (trip_id, status, notes) VALUES (5, 'Dispatched', 'Trip dispatched.');
INSERT INTO trip_history (trip_id, status, notes) VALUES (5, 'Completed', 'Trip completed successfully.');
INSERT INTO trips (trip_id, source, destination, vehicle_id, driver_id, cargo_weight, planned_distance, actual_distance, fuel_used, status, dispatch_date, completion_date) VALUES (6, 'Fort Worth', 'Plano', 6, 6, 2000, 192.5, 188.93, 26.99, 'Completed', '2026-05-23 10:33:17', '2026-05-23 14:24:17');
INSERT INTO trip_history (trip_id, status, notes) VALUES (6, 'Draft', 'Trip created in draft mode.');
INSERT INTO trip_history (trip_id, status, notes) VALUES (6, 'Dispatched', 'Trip dispatched.');
INSERT INTO trip_history (trip_id, status, notes) VALUES (6, 'Completed', 'Trip completed successfully.');
INSERT INTO trips (trip_id, source, destination, vehicle_id, driver_id, cargo_weight, planned_distance, actual_distance, fuel_used, status, dispatch_date, completion_date) VALUES (7, 'Arlington', 'Lubbock', 7, 7, 2200, 201, 202.55, 40.51, 'Completed', '2026-05-24 10:33:17', '2026-05-24 14:34:29');
INSERT INTO trip_history (trip_id, status, notes) VALUES (7, 'Draft', 'Trip created in draft mode.');
INSERT INTO trip_history (trip_id, status, notes) VALUES (7, 'Dispatched', 'Trip dispatched.');
INSERT INTO trip_history (trip_id, status, notes) VALUES (7, 'Completed', 'Trip completed successfully.');
INSERT INTO trips (trip_id, source, destination, vehicle_id, driver_id, cargo_weight, planned_distance, actual_distance, fuel_used, status, dispatch_date, completion_date) VALUES (8, 'Corpus Christi', 'Laredo', 8, 8, 2400, 209.5, 207.63, 34.60, 'Completed', '2026-05-25 10:33:17', '2026-05-25 14:44:41');
INSERT INTO trip_history (trip_id, status, notes) VALUES (8, 'Draft', 'Trip created in draft mode.');
INSERT INTO trip_history (trip_id, status, notes) VALUES (8, 'Dispatched', 'Trip dispatched.');
INSERT INTO trip_history (trip_id, status, notes) VALUES (8, 'Completed', 'Trip completed successfully.');
INSERT INTO trips (trip_id, source, destination, vehicle_id, driver_id, cargo_weight, planned_distance, actual_distance, fuel_used, status, dispatch_date, completion_date) VALUES (9, 'Plano', 'Houston', 9, 9, 2600, 218, 215.15, 30.74, 'Completed', '2026-05-26 10:33:17', '2026-05-26 14:54:53');
INSERT INTO trip_history (trip_id, status, notes) VALUES (9, 'Draft', 'Trip created in draft mode.');
INSERT INTO trip_history (trip_id, status, notes) VALUES (9, 'Dispatched', 'Trip dispatched.');
INSERT INTO trip_history (trip_id, status, notes) VALUES (9, 'Completed', 'Trip completed successfully.');
INSERT INTO trips (trip_id, source, destination, vehicle_id, driver_id, cargo_weight, planned_distance, actual_distance, fuel_used, status, dispatch_date, completion_date) VALUES (10, 'Lubbock', 'Dallas', 10, 10, 2800, 226.5, 225.48, 45.10, 'Completed', '2026-05-27 10:33:17', '2026-05-27 15:05:05');
INSERT INTO trip_history (trip_id, status, notes) VALUES (10, 'Draft', 'Trip created in draft mode.');
INSERT INTO trip_history (trip_id, status, notes) VALUES (10, 'Dispatched', 'Trip dispatched.');
INSERT INTO trip_history (trip_id, status, notes) VALUES (10, 'Completed', 'Trip completed successfully.');
INSERT INTO trips (trip_id, source, destination, vehicle_id, driver_id, cargo_weight, planned_distance, actual_distance, fuel_used, status, dispatch_date, completion_date) VALUES (11, 'Laredo', 'Austin', 11, 11, 3000, 235, 235.41, 39.23, 'Completed', '2026-05-28 10:33:17', '2026-05-28 15:15:17');
INSERT INTO trip_history (trip_id, status, notes) VALUES (11, 'Draft', 'Trip created in draft mode.');
INSERT INTO trip_history (trip_id, status, notes) VALUES (11, 'Dispatched', 'Trip dispatched.');
INSERT INTO trip_history (trip_id, status, notes) VALUES (11, 'Completed', 'Trip completed successfully.');
INSERT INTO trips (trip_id, source, destination, vehicle_id, driver_id, cargo_weight, planned_distance, actual_distance, fuel_used, status, dispatch_date, completion_date) VALUES (12, 'Houston', 'San Antonio', 12, 12, 3200, 243.5, 247.26, 35.32, 'Completed', '2026-05-29 10:33:17', '2026-05-29 15:25:29');
INSERT INTO trip_history (trip_id, status, notes) VALUES (12, 'Draft', 'Trip created in draft mode.');
INSERT INTO trip_history (trip_id, status, notes) VALUES (12, 'Dispatched', 'Trip dispatched.');
INSERT INTO trip_history (trip_id, status, notes) VALUES (12, 'Completed', 'Trip completed successfully.');
INSERT INTO trips (trip_id, source, destination, vehicle_id, driver_id, cargo_weight, planned_distance, actual_distance, fuel_used, status, dispatch_date, completion_date) VALUES (13, 'Dallas', 'El Paso', 13, 13, 3400, 252, 256.10, 51.22, 'Completed', '2026-05-30 10:33:17', '2026-05-30 15:35:41');
INSERT INTO trip_history (trip_id, status, notes) VALUES (13, 'Draft', 'Trip created in draft mode.');
INSERT INTO trip_history (trip_id, status, notes) VALUES (13, 'Dispatched', 'Trip dispatched.');
INSERT INTO trip_history (trip_id, status, notes) VALUES (13, 'Completed', 'Trip completed successfully.');
INSERT INTO trips (trip_id, source, destination, vehicle_id, driver_id, cargo_weight, planned_distance, actual_distance, fuel_used, status, dispatch_date, completion_date) VALUES (14, 'Austin', 'Fort Worth', 14, 14, 3600, 260.5, 263.87, 43.98, 'Completed', '2026-05-31 10:33:17', '2026-05-31 15:45:53');
INSERT INTO trip_history (trip_id, status, notes) VALUES (14, 'Draft', 'Trip created in draft mode.');
INSERT INTO trip_history (trip_id, status, notes) VALUES (14, 'Dispatched', 'Trip dispatched.');
INSERT INTO trip_history (trip_id, status, notes) VALUES (14, 'Completed', 'Trip completed successfully.');
INSERT INTO trips (trip_id, source, destination, vehicle_id, driver_id, cargo_weight, planned_distance, actual_distance, fuel_used, status, dispatch_date, completion_date) VALUES (15, 'San Antonio', 'Arlington', 15, 15, 3800, 269, 264.94, 37.85, 'Completed', '2026-06-01 10:33:17', '2026-06-01 15:56:05');
INSERT INTO trip_history (trip_id, status, notes) VALUES (15, 'Draft', 'Trip created in draft mode.');
INSERT INTO trip_history (trip_id, status, notes) VALUES (15, 'Dispatched', 'Trip dispatched.');
INSERT INTO trip_history (trip_id, status, notes) VALUES (15, 'Completed', 'Trip completed successfully.');
INSERT INTO trips (trip_id, source, destination, vehicle_id, driver_id, cargo_weight, planned_distance, actual_distance, fuel_used, status, dispatch_date, completion_date) VALUES (16, 'El Paso', 'Corpus Christi', 1, 1, 4000, 277.5, 279.66, 55.93, 'Completed', '2026-06-02 10:33:17', '2026-06-02 16:06:17');
INSERT INTO trip_history (trip_id, status, notes) VALUES (16, 'Draft', 'Trip created in draft mode.');
INSERT INTO trip_history (trip_id, status, notes) VALUES (16, 'Dispatched', 'Trip dispatched.');
INSERT INTO trip_history (trip_id, status, notes) VALUES (16, 'Completed', 'Trip completed successfully.');
INSERT INTO trips (trip_id, source, destination, vehicle_id, driver_id, cargo_weight, planned_distance, actual_distance, fuel_used, status, dispatch_date, completion_date) VALUES (17, 'Fort Worth', 'Plano', 2, 2, 4200, 286, 284.07, 47.34, 'Completed', '2026-06-03 10:33:17', '2026-06-03 16:16:29');
INSERT INTO trip_history (trip_id, status, notes) VALUES (17, 'Draft', 'Trip created in draft mode.');
INSERT INTO trip_history (trip_id, status, notes) VALUES (17, 'Dispatched', 'Trip dispatched.');
INSERT INTO trip_history (trip_id, status, notes) VALUES (17, 'Completed', 'Trip completed successfully.');
INSERT INTO trips (trip_id, source, destination, vehicle_id, driver_id, cargo_weight, planned_distance, actual_distance, fuel_used, status, dispatch_date, completion_date) VALUES (18, 'Arlington', 'Lubbock', 3, 3, 4400, 294.5, 290.09, 41.44, 'Completed', '2026-06-04 10:33:17', '2026-06-04 16:26:41');
INSERT INTO trip_history (trip_id, status, notes) VALUES (18, 'Draft', 'Trip created in draft mode.');
INSERT INTO trip_history (trip_id, status, notes) VALUES (18, 'Dispatched', 'Trip dispatched.');
INSERT INTO trip_history (trip_id, status, notes) VALUES (18, 'Completed', 'Trip completed successfully.');
INSERT INTO trips (trip_id, source, destination, vehicle_id, driver_id, cargo_weight, planned_distance, actual_distance, fuel_used, status, dispatch_date, completion_date) VALUES (19, 'Corpus Christi', 'Laredo', 4, 4, 4600, 303, 304.90, 60.98, 'Completed', '2026-06-05 10:33:17', '2026-06-05 16:36:53');
INSERT INTO trip_history (trip_id, status, notes) VALUES (19, 'Draft', 'Trip created in draft mode.');
INSERT INTO trip_history (trip_id, status, notes) VALUES (19, 'Dispatched', 'Trip dispatched.');
INSERT INTO trip_history (trip_id, status, notes) VALUES (19, 'Completed', 'Trip completed successfully.');
INSERT INTO trips (trip_id, source, destination, vehicle_id, driver_id, cargo_weight, planned_distance, actual_distance, fuel_used, status, dispatch_date, completion_date) VALUES (20, 'Plano', 'Houston', 5, 5, 4800, 311.5, 307.67, 51.28, 'Completed', '2026-06-06 10:33:17', '2026-06-06 16:47:05');
INSERT INTO trip_history (trip_id, status, notes) VALUES (20, 'Draft', 'Trip created in draft mode.');
INSERT INTO trip_history (trip_id, status, notes) VALUES (20, 'Dispatched', 'Trip dispatched.');
INSERT INTO trip_history (trip_id, status, notes) VALUES (20, 'Completed', 'Trip completed successfully.');
INSERT INTO trips (trip_id, source, destination, vehicle_id, driver_id, cargo_weight, planned_distance, actual_distance, fuel_used, status, dispatch_date, completion_date) VALUES (21, 'Lubbock', 'Dallas', 6, 6, 5000, 320, 319.88, 45.70, 'Completed', '2026-06-07 10:33:17', '2026-06-07 16:57:17');
INSERT INTO trip_history (trip_id, status, notes) VALUES (21, 'Draft', 'Trip created in draft mode.');
INSERT INTO trip_history (trip_id, status, notes) VALUES (21, 'Dispatched', 'Trip dispatched.');
INSERT INTO trip_history (trip_id, status, notes) VALUES (21, 'Completed', 'Trip completed successfully.');
INSERT INTO trips (trip_id, source, destination, vehicle_id, driver_id, cargo_weight, planned_distance, actual_distance, fuel_used, status, dispatch_date, completion_date) VALUES (22, 'Laredo', 'Austin', 7, 7, 5200, 328.5, 327.82, 65.56, 'Completed', '2026-06-08 10:33:17', '2026-06-08 17:07:29');
INSERT INTO trip_history (trip_id, status, notes) VALUES (22, 'Draft', 'Trip created in draft mode.');
INSERT INTO trip_history (trip_id, status, notes) VALUES (22, 'Dispatched', 'Trip dispatched.');
INSERT INTO trip_history (trip_id, status, notes) VALUES (22, 'Completed', 'Trip completed successfully.');
INSERT INTO trips (trip_id, source, destination, vehicle_id, driver_id, cargo_weight, planned_distance, actual_distance, fuel_used, status, dispatch_date, completion_date) VALUES (23, 'Houston', 'San Antonio', 8, 8, 5400, 337, 333.04, 55.51, 'Completed', '2026-06-09 10:33:17', '2026-06-09 17:17:41');
INSERT INTO trip_history (trip_id, status, notes) VALUES (23, 'Draft', 'Trip created in draft mode.');
INSERT INTO trip_history (trip_id, status, notes) VALUES (23, 'Dispatched', 'Trip dispatched.');
INSERT INTO trip_history (trip_id, status, notes) VALUES (23, 'Completed', 'Trip completed successfully.');
INSERT INTO trips (trip_id, source, destination, vehicle_id, driver_id, cargo_weight, planned_distance, actual_distance, fuel_used, status, dispatch_date, completion_date) VALUES (24, 'Dallas', 'El Paso', 9, 9, 5600, 345.5, 344.43, 49.20, 'Completed', '2026-06-10 10:33:17', '2026-06-10 17:27:53');
INSERT INTO trip_history (trip_id, status, notes) VALUES (24, 'Draft', 'Trip created in draft mode.');
INSERT INTO trip_history (trip_id, status, notes) VALUES (24, 'Dispatched', 'Trip dispatched.');
INSERT INTO trip_history (trip_id, status, notes) VALUES (24, 'Completed', 'Trip completed successfully.');
INSERT INTO trips (trip_id, source, destination, vehicle_id, driver_id, cargo_weight, planned_distance, actual_distance, fuel_used, status, dispatch_date, completion_date) VALUES (25, 'Austin', 'Fort Worth', 10, 10, 5800, 354, 354.01, 70.80, 'Completed', '2026-06-11 10:33:17', '2026-06-11 17:38:05');
INSERT INTO trip_history (trip_id, status, notes) VALUES (25, 'Draft', 'Trip created in draft mode.');
INSERT INTO trip_history (trip_id, status, notes) VALUES (25, 'Dispatched', 'Trip dispatched.');
INSERT INTO trip_history (trip_id, status, notes) VALUES (25, 'Completed', 'Trip completed successfully.');
INSERT INTO trips (trip_id, source, destination, vehicle_id, driver_id, cargo_weight, planned_distance, actual_distance, fuel_used, status, dispatch_date, completion_date) VALUES (26, 'San Antonio', 'Arlington', 11, 11, 6000, 362.5, 363.42, 60.57, 'Completed', '2026-06-12 10:33:17', '2026-06-12 17:48:17');
INSERT INTO trip_history (trip_id, status, notes) VALUES (26, 'Draft', 'Trip created in draft mode.');
INSERT INTO trip_history (trip_id, status, notes) VALUES (26, 'Dispatched', 'Trip dispatched.');
INSERT INTO trip_history (trip_id, status, notes) VALUES (26, 'Completed', 'Trip completed successfully.');
INSERT INTO trips (trip_id, source, destination, vehicle_id, driver_id, cargo_weight, planned_distance, actual_distance, fuel_used, status, dispatch_date, completion_date) VALUES (27, 'El Paso', 'Corpus Christi', 12, 12, 6200, 371, 366.72, 52.39, 'Completed', '2026-06-13 10:33:17', '2026-06-13 17:58:29');
INSERT INTO trip_history (trip_id, status, notes) VALUES (27, 'Draft', 'Trip created in draft mode.');
INSERT INTO trip_history (trip_id, status, notes) VALUES (27, 'Dispatched', 'Trip dispatched.');
INSERT INTO trip_history (trip_id, status, notes) VALUES (27, 'Completed', 'Trip completed successfully.');
INSERT INTO trips (trip_id, source, destination, vehicle_id, driver_id, cargo_weight, planned_distance, actual_distance, fuel_used, status, dispatch_date, completion_date) VALUES (28, 'Fort Worth', 'Plano', 13, 13, 6400, 379.5, 375.50, 75.10, 'Completed', '2026-06-14 10:33:17', '2026-06-14 18:08:41');
INSERT INTO trip_history (trip_id, status, notes) VALUES (28, 'Draft', 'Trip created in draft mode.');
INSERT INTO trip_history (trip_id, status, notes) VALUES (28, 'Dispatched', 'Trip dispatched.');
INSERT INTO trip_history (trip_id, status, notes) VALUES (28, 'Completed', 'Trip completed successfully.');
INSERT INTO trips (trip_id, source, destination, vehicle_id, driver_id, cargo_weight, planned_distance, actual_distance, fuel_used, status, dispatch_date, completion_date) VALUES (29, 'Arlington', 'Lubbock', 14, 14, 6600, 388, 384.51, 64.09, 'Completed', '2026-06-15 10:33:17', '2026-06-15 18:18:53');
INSERT INTO trip_history (trip_id, status, notes) VALUES (29, 'Draft', 'Trip created in draft mode.');
INSERT INTO trip_history (trip_id, status, notes) VALUES (29, 'Dispatched', 'Trip dispatched.');
INSERT INTO trip_history (trip_id, status, notes) VALUES (29, 'Completed', 'Trip completed successfully.');
INSERT INTO trips (trip_id, source, destination, vehicle_id, driver_id, cargo_weight, planned_distance, actual_distance, fuel_used, status, dispatch_date, completion_date) VALUES (30, 'Corpus Christi', 'Laredo', 15, 15, 6800, 396.5, 398.19, 56.88, 'Completed', '2026-06-16 10:33:17', '2026-06-16 18:29:05');
INSERT INTO trip_history (trip_id, status, notes) VALUES (30, 'Draft', 'Trip created in draft mode.');
INSERT INTO trip_history (trip_id, status, notes) VALUES (30, 'Dispatched', 'Trip dispatched.');
INSERT INTO trip_history (trip_id, status, notes) VALUES (30, 'Completed', 'Trip completed successfully.');
INSERT INTO trips (trip_id, source, destination, vehicle_id, driver_id, cargo_weight, planned_distance, actual_distance, fuel_used, status, dispatch_date, completion_date) VALUES (31, 'Plano', 'Houston', 1, 1, 7000, 405, 404.57, 80.91, 'Completed', '2026-06-17 10:33:17', '2026-06-17 18:39:17');
INSERT INTO trip_history (trip_id, status, notes) VALUES (31, 'Draft', 'Trip created in draft mode.');
INSERT INTO trip_history (trip_id, status, notes) VALUES (31, 'Dispatched', 'Trip dispatched.');
INSERT INTO trip_history (trip_id, status, notes) VALUES (31, 'Completed', 'Trip completed successfully.');
INSERT INTO trips (trip_id, source, destination, vehicle_id, driver_id, cargo_weight, planned_distance, actual_distance, fuel_used, status, dispatch_date, completion_date) VALUES (32, 'Lubbock', 'Dallas', 2, 2, 7200, 413.5, 411.50, 68.58, 'Completed', '2026-06-18 10:33:17', '2026-06-18 18:49:29');
INSERT INTO trip_history (trip_id, status, notes) VALUES (32, 'Draft', 'Trip created in draft mode.');
INSERT INTO trip_history (trip_id, status, notes) VALUES (32, 'Dispatched', 'Trip dispatched.');
INSERT INTO trip_history (trip_id, status, notes) VALUES (32, 'Completed', 'Trip completed successfully.');
INSERT INTO trips (trip_id, source, destination, vehicle_id, driver_id, cargo_weight, planned_distance, actual_distance, fuel_used, status, dispatch_date, completion_date) VALUES (33, 'Laredo', 'Austin', 3, 3, 7400, 422, 423.08, 60.44, 'Completed', '2026-06-19 10:33:18', '2026-06-19 18:59:42');
INSERT INTO trip_history (trip_id, status, notes) VALUES (33, 'Draft', 'Trip created in draft mode.');
INSERT INTO trip_history (trip_id, status, notes) VALUES (33, 'Dispatched', 'Trip dispatched.');
INSERT INTO trip_history (trip_id, status, notes) VALUES (33, 'Completed', 'Trip completed successfully.');
INSERT INTO trips (trip_id, source, destination, vehicle_id, driver_id, cargo_weight, planned_distance, actual_distance, fuel_used, status, dispatch_date, completion_date) VALUES (34, 'Houston', 'San Antonio', 4, 4, 7600, 430.5, 435.01, 87.00, 'Completed', '2026-06-20 10:33:18', '2026-06-20 19:09:54');
INSERT INTO trip_history (trip_id, status, notes) VALUES (34, 'Draft', 'Trip created in draft mode.');
INSERT INTO trip_history (trip_id, status, notes) VALUES (34, 'Dispatched', 'Trip dispatched.');
INSERT INTO trip_history (trip_id, status, notes) VALUES (34, 'Completed', 'Trip completed successfully.');
INSERT INTO trips (trip_id, source, destination, vehicle_id, driver_id, cargo_weight, planned_distance, actual_distance, fuel_used, status, dispatch_date, completion_date) VALUES (35, 'Dallas', 'El Paso', 5, 5, 7800, 439, 440.45, 73.41, 'Completed', '2026-06-21 10:33:18', '2026-06-21 19:20:06');
INSERT INTO trip_history (trip_id, status, notes) VALUES (35, 'Draft', 'Trip created in draft mode.');
INSERT INTO trip_history (trip_id, status, notes) VALUES (35, 'Dispatched', 'Trip dispatched.');
INSERT INTO trip_history (trip_id, status, notes) VALUES (35, 'Completed', 'Trip completed successfully.');
INSERT INTO trips (trip_id, source, destination, vehicle_id, driver_id, cargo_weight, planned_distance, actual_distance, fuel_used, status, dispatch_date, completion_date) VALUES (36, 'Austin', 'Fort Worth', 6, 6, 8000, 447.5, NULL, NULL, 'Draft', NULL, NULL);
INSERT INTO trip_history (trip_id, status, notes) VALUES (36, 'Draft', 'Trip created in draft mode.');
INSERT INTO trips (trip_id, source, destination, vehicle_id, driver_id, cargo_weight, planned_distance, actual_distance, fuel_used, status, dispatch_date, completion_date) VALUES (37, 'San Antonio', 'Arlington', 7, 7, 8200, 456, NULL, NULL, 'Draft', NULL, NULL);
INSERT INTO trip_history (trip_id, status, notes) VALUES (37, 'Draft', 'Trip created in draft mode.');
INSERT INTO trips (trip_id, source, destination, vehicle_id, driver_id, cargo_weight, planned_distance, actual_distance, fuel_used, status, dispatch_date, completion_date) VALUES (38, 'El Paso', 'Corpus Christi', 8, 8, 8400, 464.5, NULL, NULL, 'Draft', NULL, NULL);
INSERT INTO trip_history (trip_id, status, notes) VALUES (38, 'Draft', 'Trip created in draft mode.');
INSERT INTO trips (trip_id, source, destination, vehicle_id, driver_id, cargo_weight, planned_distance, actual_distance, fuel_used, status, dispatch_date, completion_date) VALUES (39, 'Fort Worth', 'Plano', 9, 9, 8600, 473, NULL, NULL, 'Draft', NULL, NULL);
INSERT INTO trip_history (trip_id, status, notes) VALUES (39, 'Draft', 'Trip created in draft mode.');
INSERT INTO trips (trip_id, source, destination, vehicle_id, driver_id, cargo_weight, planned_distance, actual_distance, fuel_used, status, dispatch_date, completion_date) VALUES (40, 'Arlington', 'Lubbock', 10, 10, 8800, 481.5, NULL, NULL, 'Draft', NULL, NULL);
INSERT INTO trip_history (trip_id, status, notes) VALUES (40, 'Draft', 'Trip created in draft mode.');
INSERT INTO trips (trip_id, source, destination, vehicle_id, driver_id, cargo_weight, planned_distance, actual_distance, fuel_used, status, dispatch_date, completion_date) VALUES (41, 'Corpus Christi', 'Laredo', 4, 4, 9000, 490, NULL, NULL, 'Dispatched', '2026-07-12 06:33:18', NULL);
INSERT INTO trip_history (trip_id, status, notes) VALUES (41, 'Draft', 'Trip created in draft mode.');
INSERT INTO trip_history (trip_id, status, notes) VALUES (41, 'Dispatched', 'Trip dispatched.');
INSERT INTO trips (trip_id, source, destination, vehicle_id, driver_id, cargo_weight, planned_distance, actual_distance, fuel_used, status, dispatch_date, completion_date) VALUES (42, 'Plano', 'Houston', 8, 8, 9200, 498.5, NULL, NULL, 'Dispatched', '2026-07-12 06:33:18', NULL);
INSERT INTO trip_history (trip_id, status, notes) VALUES (42, 'Draft', 'Trip created in draft mode.');
INSERT INTO trip_history (trip_id, status, notes) VALUES (42, 'Dispatched', 'Trip dispatched.');
INSERT INTO trips (trip_id, source, destination, vehicle_id, driver_id, cargo_weight, planned_distance, actual_distance, fuel_used, status, dispatch_date, completion_date) VALUES (43, 'Lubbock', 'Dallas', 12, 12, 9400, 507, NULL, NULL, 'Dispatched', '2026-07-12 06:33:18', NULL);
INSERT INTO trip_history (trip_id, status, notes) VALUES (43, 'Draft', 'Trip created in draft mode.');
INSERT INTO trip_history (trip_id, status, notes) VALUES (43, 'Dispatched', 'Trip dispatched.');
INSERT INTO trips (trip_id, source, destination, vehicle_id, driver_id, cargo_weight, planned_distance, actual_distance, fuel_used, status, dispatch_date, completion_date) VALUES (44, 'Laredo', 'Austin', 13, 13, 9600, 515.5, NULL, NULL, 'Dispatched', '2026-07-12 06:33:18', NULL);
INSERT INTO trip_history (trip_id, status, notes) VALUES (44, 'Draft', 'Trip created in draft mode.');
INSERT INTO trip_history (trip_id, status, notes) VALUES (44, 'Dispatched', 'Trip dispatched.');
INSERT INTO trips (trip_id, source, destination, vehicle_id, driver_id, cargo_weight, planned_distance, actual_distance, fuel_used, status, dispatch_date, completion_date) VALUES (45, 'Houston', 'San Antonio', 14, 14, 9800, 524, NULL, NULL, 'Dispatched', '2026-07-12 06:33:18', NULL);
INSERT INTO trip_history (trip_id, status, notes) VALUES (45, 'Draft', 'Trip created in draft mode.');
INSERT INTO trip_history (trip_id, status, notes) VALUES (45, 'Dispatched', 'Trip dispatched.');
INSERT INTO trips (trip_id, source, destination, vehicle_id, driver_id, cargo_weight, planned_distance, actual_distance, fuel_used, status, dispatch_date, completion_date) VALUES (46, 'Dallas', 'El Paso', 1, 1, 10000, 532.5, NULL, NULL, 'Cancelled', NULL, NULL);
INSERT INTO trip_history (trip_id, status, notes) VALUES (46, 'Draft', 'Trip created in draft mode.');
INSERT INTO trip_history (trip_id, status, notes) VALUES (46, 'Dispatched', 'Trip dispatched.');
INSERT INTO trip_history (trip_id, status, notes) VALUES (46, 'Cancelled', 'Trip cancelled.');
INSERT INTO trips (trip_id, source, destination, vehicle_id, driver_id, cargo_weight, planned_distance, actual_distance, fuel_used, status, dispatch_date, completion_date) VALUES (47, 'Austin', 'Fort Worth', 2, 2, 10200, 541, NULL, NULL, 'Cancelled', NULL, NULL);
INSERT INTO trip_history (trip_id, status, notes) VALUES (47, 'Draft', 'Trip created in draft mode.');
INSERT INTO trip_history (trip_id, status, notes) VALUES (47, 'Dispatched', 'Trip dispatched.');
INSERT INTO trip_history (trip_id, status, notes) VALUES (47, 'Cancelled', 'Trip cancelled.');
INSERT INTO trips (trip_id, source, destination, vehicle_id, driver_id, cargo_weight, planned_distance, actual_distance, fuel_used, status, dispatch_date, completion_date) VALUES (48, 'San Antonio', 'Arlington', 3, 3, 10400, 549.5, NULL, NULL, 'Cancelled', NULL, NULL);
INSERT INTO trip_history (trip_id, status, notes) VALUES (48, 'Draft', 'Trip created in draft mode.');
INSERT INTO trip_history (trip_id, status, notes) VALUES (48, 'Dispatched', 'Trip dispatched.');
INSERT INTO trip_history (trip_id, status, notes) VALUES (48, 'Cancelled', 'Trip cancelled.');
INSERT INTO trips (trip_id, source, destination, vehicle_id, driver_id, cargo_weight, planned_distance, actual_distance, fuel_used, status, dispatch_date, completion_date) VALUES (49, 'El Paso', 'Corpus Christi', 4, 4, 10600, 558, NULL, NULL, 'Cancelled', NULL, NULL);
INSERT INTO trip_history (trip_id, status, notes) VALUES (49, 'Draft', 'Trip created in draft mode.');
INSERT INTO trip_history (trip_id, status, notes) VALUES (49, 'Dispatched', 'Trip dispatched.');
INSERT INTO trip_history (trip_id, status, notes) VALUES (49, 'Cancelled', 'Trip cancelled.');
INSERT INTO trips (trip_id, source, destination, vehicle_id, driver_id, cargo_weight, planned_distance, actual_distance, fuel_used, status, dispatch_date, completion_date) VALUES (50, 'Fort Worth', 'Plano', 5, 5, 10800, 566.5, NULL, NULL, 'Cancelled', NULL, NULL);
INSERT INTO trip_history (trip_id, status, notes) VALUES (50, 'Draft', 'Trip created in draft mode.');
INSERT INTO trip_history (trip_id, status, notes) VALUES (50, 'Dispatched', 'Trip dispatched.');
INSERT INTO trip_history (trip_id, status, notes) VALUES (50, 'Cancelled', 'Trip cancelled.');
INSERT INTO fuel_logs (vehicle_id, date, fuel_liters, fuel_cost, odometer) VALUES (1, '2026-06-07', 80.00, 116.00, 45000);
INSERT INTO fuel_logs (vehicle_id, date, fuel_liters, fuel_cost, odometer) VALUES (2, '2026-06-08', 84.50, 122.52, 45900);
INSERT INTO fuel_logs (vehicle_id, date, fuel_liters, fuel_cost, odometer) VALUES (3, '2026-06-09', 89.00, 129.05, 46800);
INSERT INTO fuel_logs (vehicle_id, date, fuel_liters, fuel_cost, odometer) VALUES (4, '2026-06-10', 93.50, 135.57, 47700);
INSERT INTO fuel_logs (vehicle_id, date, fuel_liters, fuel_cost, odometer) VALUES (5, '2026-06-11', 98.00, 142.10, 48600);
INSERT INTO fuel_logs (vehicle_id, date, fuel_liters, fuel_cost, odometer) VALUES (6, '2026-06-12', 102.50, 148.63, 49500);
INSERT INTO fuel_logs (vehicle_id, date, fuel_liters, fuel_cost, odometer) VALUES (7, '2026-06-13', 107.00, 155.15, 50400);
INSERT INTO fuel_logs (vehicle_id, date, fuel_liters, fuel_cost, odometer) VALUES (8, '2026-06-14', 111.50, 161.67, 51300);
INSERT INTO fuel_logs (vehicle_id, date, fuel_liters, fuel_cost, odometer) VALUES (9, '2026-06-15', 116.00, 168.20, 52200);
INSERT INTO fuel_logs (vehicle_id, date, fuel_liters, fuel_cost, odometer) VALUES (10, '2026-06-16', 120.50, 174.72, 53100);
INSERT INTO fuel_logs (vehicle_id, date, fuel_liters, fuel_cost, odometer) VALUES (11, '2026-06-17', 125.00, 181.25, 54000);
INSERT INTO fuel_logs (vehicle_id, date, fuel_liters, fuel_cost, odometer) VALUES (12, '2026-06-18', 129.50, 187.78, 54900);
INSERT INTO fuel_logs (vehicle_id, date, fuel_liters, fuel_cost, odometer) VALUES (13, '2026-06-19', 134.00, 194.30, 55800);
INSERT INTO fuel_logs (vehicle_id, date, fuel_liters, fuel_cost, odometer) VALUES (14, '2026-06-20', 138.50, 200.82, 56700);
INSERT INTO fuel_logs (vehicle_id, date, fuel_liters, fuel_cost, odometer) VALUES (15, '2026-06-21', 143.00, 207.35, 57600);
INSERT INTO fuel_logs (vehicle_id, date, fuel_liters, fuel_cost, odometer) VALUES (1, '2026-06-22', 147.50, 213.88, 57750);
INSERT INTO fuel_logs (vehicle_id, date, fuel_liters, fuel_cost, odometer) VALUES (2, '2026-06-23', 152.00, 220.40, 58650);
INSERT INTO fuel_logs (vehicle_id, date, fuel_liters, fuel_cost, odometer) VALUES (3, '2026-06-24', 156.50, 226.92, 59550);
INSERT INTO fuel_logs (vehicle_id, date, fuel_liters, fuel_cost, odometer) VALUES (4, '2026-06-25', 161.00, 233.45, 60450);
INSERT INTO fuel_logs (vehicle_id, date, fuel_liters, fuel_cost, odometer) VALUES (5, '2026-06-26', 165.50, 239.97, 61350);
INSERT INTO fuel_logs (vehicle_id, date, fuel_liters, fuel_cost, odometer) VALUES (6, '2026-06-27', 170.00, 246.50, 62250);
INSERT INTO fuel_logs (vehicle_id, date, fuel_liters, fuel_cost, odometer) VALUES (7, '2026-06-28', 174.50, 253.03, 63150);
INSERT INTO fuel_logs (vehicle_id, date, fuel_liters, fuel_cost, odometer) VALUES (8, '2026-06-29', 179.00, 259.55, 64050);
INSERT INTO fuel_logs (vehicle_id, date, fuel_liters, fuel_cost, odometer) VALUES (9, '2026-06-30', 183.50, 266.07, 64950);
INSERT INTO fuel_logs (vehicle_id, date, fuel_liters, fuel_cost, odometer) VALUES (10, '2026-07-01', 188.00, 272.60, 65850);
INSERT INTO fuel_logs (vehicle_id, date, fuel_liters, fuel_cost, odometer) VALUES (11, '2026-07-02', 192.50, 279.13, 66750);
INSERT INTO fuel_logs (vehicle_id, date, fuel_liters, fuel_cost, odometer) VALUES (12, '2026-07-03', 197.00, 285.65, 67650);
INSERT INTO fuel_logs (vehicle_id, date, fuel_liters, fuel_cost, odometer) VALUES (13, '2026-07-04', 201.50, 292.18, 68550);
INSERT INTO fuel_logs (vehicle_id, date, fuel_liters, fuel_cost, odometer) VALUES (14, '2026-07-05', 206.00, 298.70, 69450);
INSERT INTO fuel_logs (vehicle_id, date, fuel_liters, fuel_cost, odometer) VALUES (15, '2026-07-06', 210.50, 305.22, 70350);
INSERT INTO maintenance_logs (vehicle_id, issue, maintenance_type, start_date, expected_completion, status) VALUES (1, 'Engine oil replacement and filter check', 'Routine', '2026-06-17', '2026-06-19', 'Completed');
INSERT INTO maintenance_logs (vehicle_id, issue, maintenance_type, start_date, expected_completion, status) VALUES (2, 'Brake pad replacement and rotor turn', 'Repair', '2026-06-18', '2026-06-20', 'Completed');
INSERT INTO maintenance_logs (vehicle_id, issue, maintenance_type, start_date, expected_completion, status) VALUES (3, 'AC cooling system leak repair', 'Inspection', '2026-06-19', '2026-06-21', 'Completed');
INSERT INTO maintenance_logs (vehicle_id, issue, maintenance_type, start_date, expected_completion, status) VALUES (4, 'Transmission fluid flush and check', 'Emergency', '2026-06-20', '2026-06-22', 'Completed');
INSERT INTO maintenance_logs (vehicle_id, issue, maintenance_type, start_date, expected_completion, status) VALUES (5, 'Tire rotation and balancing', 'Routine', '2026-06-21', '2026-06-23', 'Completed');
INSERT INTO maintenance_logs (vehicle_id, issue, maintenance_type, start_date, expected_completion, status) VALUES (6, 'Headlight and electrical fuse replacement', 'Repair', '2026-06-22', '2026-06-24', 'In Shop');
INSERT INTO maintenance_logs (vehicle_id, issue, maintenance_type, start_date, expected_completion, status) VALUES (7, 'Coolant system flush and pressure test', 'Inspection', '2026-06-23', '2026-06-25', 'Completed');
INSERT INTO maintenance_logs (vehicle_id, issue, maintenance_type, start_date, expected_completion, status) VALUES (8, 'Front wheel alignment and strut check', 'Emergency', '2026-06-24', '2026-06-26', 'Completed');
INSERT INTO maintenance_logs (vehicle_id, issue, maintenance_type, start_date, expected_completion, status) VALUES (9, 'Windshield wiper motor replacement', 'Repair', '2026-06-25', '2026-06-27', 'Completed');
INSERT INTO maintenance_logs (vehicle_id, issue, maintenance_type, start_date, expected_completion, status) VALUES (10, 'Differential fluid check and top-up', 'Routine', '2026-06-26', '2026-06-28', 'Completed');
INSERT INTO maintenance_logs (vehicle_id, issue, maintenance_type, start_date, expected_completion, status) VALUES (11, 'Fuel injector cleaning and tune-up', 'Routine', '2026-06-27', '2026-06-29', 'Completed');
INSERT INTO maintenance_logs (vehicle_id, issue, maintenance_type, start_date, expected_completion, status) VALUES (12, 'Alternator charging system test', 'Repair', '2026-06-28', '2026-06-30', 'Completed');
INSERT INTO maintenance_logs (vehicle_id, issue, maintenance_type, start_date, expected_completion, status) VALUES (13, 'Spark plug replacement', 'Routine', '2026-06-29', '2026-07-01', 'Completed');
INSERT INTO maintenance_logs (vehicle_id, issue, maintenance_type, start_date, expected_completion, status) VALUES (14, 'Muffler and exhaust system repair', 'Repair', '2026-06-30', '2026-07-02', 'Completed');
INSERT INTO maintenance_logs (vehicle_id, issue, maintenance_type, start_date, expected_completion, status) VALUES (15, 'Suspension bushing replacement', 'Repair', '2026-07-01', '2026-07-03', 'Completed');
INSERT INTO maintenance_logs (vehicle_id, issue, maintenance_type, start_date, expected_completion, status) VALUES (16, 'Hydraulic lift inspection', 'Inspection', '2026-07-02', '2026-07-04', 'In Shop');
INSERT INTO maintenance_logs (vehicle_id, issue, maintenance_type, start_date, expected_completion, status) VALUES (17, 'Tailgate latch repair', 'Repair', '2026-07-03', '2026-07-05', 'Completed');
INSERT INTO maintenance_logs (vehicle_id, issue, maintenance_type, start_date, expected_completion, status) VALUES (18, 'Air filter replacement', 'Routine', '2026-07-04', '2026-07-06', 'Completed');
INSERT INTO maintenance_logs (vehicle_id, issue, maintenance_type, start_date, expected_completion, status) VALUES (19, 'Battery check and replacement', 'Inspection', '2026-07-05', '2026-07-07', 'Completed');
INSERT INTO maintenance_logs (vehicle_id, issue, maintenance_type, start_date, expected_completion, status) VALUES (20, 'Seat belt safety retractor check', 'Inspection', '2026-07-06', '2026-07-08', 'Completed');
INSERT INTO expenses (vehicle_id, expense_type, cost, description, date) VALUES (1, 'Maintenance', 25.00, 'Routine brake service billing', '2026-06-12');
INSERT INTO expenses (vehicle_id, expense_type, cost, description, date) VALUES (2, 'Repair', 70.50, 'Radiator hose replacement', '2026-06-13');
INSERT INTO expenses (vehicle_id, expense_type, cost, description, date) VALUES (3, 'Toll', 116.00, 'Interstate toll highway usage', '2026-06-14');
INSERT INTO expenses (vehicle_id, expense_type, cost, description, date) VALUES (4, 'Insurance', 161.50, 'Commercial vehicle insurance premium', '2026-06-15');
INSERT INTO expenses (vehicle_id, expense_type, cost, description, date) VALUES (5, 'Parking', 207.00, 'Downtown depot parking fees', '2026-06-16');
INSERT INTO expenses (vehicle_id, expense_type, cost, description, date) VALUES (6, 'Miscellaneous', 252.50, 'Logbook registration update', '2026-06-17');
INSERT INTO expenses (vehicle_id, expense_type, cost, description, date) VALUES (7, 'Maintenance', 298.00, 'Engine oil service charge', '2026-06-18');
INSERT INTO expenses (vehicle_id, expense_type, cost, description, date) VALUES (8, 'Repair', 343.50, 'Tire puncture repair billing', '2026-06-19');
INSERT INTO expenses (vehicle_id, expense_type, cost, description, date) VALUES (9, 'Toll', 389.00, 'Bridge toll payment', '2026-06-20');
INSERT INTO expenses (vehicle_id, expense_type, cost, description, date) VALUES (10, 'Insurance', 434.50, 'Liability insurance monthly payment', '2026-06-21');
INSERT INTO expenses (vehicle_id, expense_type, cost, description, date) VALUES (11, 'Parking', 480.00, 'Overnight cargo parking fees', '2026-06-22');
INSERT INTO expenses (vehicle_id, expense_type, cost, description, date) VALUES (12, 'Miscellaneous', 525.50, 'Windshield washer fluid top-up', '2026-06-23');
INSERT INTO expenses (vehicle_id, expense_type, cost, description, date) VALUES (13, 'Maintenance', 571.00, 'Tire rotation service billing', '2026-06-24');
INSERT INTO expenses (vehicle_id, expense_type, cost, description, date) VALUES (14, 'Repair', 616.50, 'Alternator replacement labor cost', '2026-06-25');
INSERT INTO expenses (vehicle_id, expense_type, cost, description, date) VALUES (15, 'Toll', 662.00, 'Highway express pass toll', '2026-06-26');
INSERT INTO expenses (vehicle_id, expense_type, cost, description, date) VALUES (16, 'Insurance', 707.50, 'Quarterly cargo insurance payment', '2026-06-27');
INSERT INTO expenses (vehicle_id, expense_type, cost, description, date) VALUES (17, 'Parking', 753.00, 'Fleet garage parking permit', '2026-06-28');
INSERT INTO expenses (vehicle_id, expense_type, cost, description, date) VALUES (18, 'Miscellaneous', 798.50, 'Driver convenience allowance', '2026-06-29');
INSERT INTO expenses (vehicle_id, expense_type, cost, description, date) VALUES (19, 'Maintenance', 844.00, 'Brake caliper inspection service', '2026-06-30');
INSERT INTO expenses (vehicle_id, expense_type, cost, description, date) VALUES (20, 'Repair', 889.50, 'Coolant leak hose repair', '2026-07-01');